net,from,to
FOCUS,GPIO20,R1.1
FOCUS,GPIO20,JP1.1
J2_FOCUS,JP1.2,R3.1
B_FOCUS,JP1.3,GPIO26
FOCUS,R1.2,U1.1
J2_FOCUS,R3.2,U3.1
SHUTTER,GPIO21,R2.1
SHUTTER,GPIO21,JP2.1
J2_SHUTTER,JP2.2,R4.1
B_SHUTTER,JP2.3,GPIO19
SHUTTER,R2.2,U2.1
J2_SHUTTER,R4.2,U4.1
GND,GPIO_GND,U1.2
GND,GPIO_GND,U2.2
GND,GPIO_GND,U3.2
GND,GPIO_GND,U4.2
CAM_GND_A,U1.4,J1.SLEEVE
CAM_GND_A,U2.4,J1.SLEEVE
CAM_GND_B,U3.4,J2.SLEEVE
CAM_GND_B,U4.4,J2.SLEEVE
J1_RING,U1.5,J1.RING
J1_TIP,U2.5,J1.TIP
J2_RING,U3.5,J2.RING
J2_TIP,U4.5,J2.TIP
FOCUS,GPIO20,R5.1
FOCUS,R5.2,D1.A
GND,D1.K,GPIO_GND
SHUTTER,GPIO21,R6.1
SHUTTER,R6.2,D2.A
GND,D2.K,GPIO_GND
J2_FOCUS,R7.1,D3.A
D3_A,R7.2,D3.A
GND,D3.K,GPIO_GND
J2_SHUTTER,R8.1,D4.A
D4_A,R8.2,D4.A
GND,D4.K,GPIO_GND
